{
  "bytes_sent": 66125824,
  "duration": 13.340868711471558,
  "throughput_mbps": 39.65308432614417,
  "chunk_size": 65536,
  "server": "10.0.0.24:4433",
  "protocol": "QUIC"
}