{
  "bytes_sent": 71237632,
  "duration": 13.424373149871826,
  "throughput_mbps": 42.452712662076244,
  "chunk_size": 65536,
  "server": "10.0.0.23:4433",
  "protocol": "QUIC"
}