{
  "bytes_sent": 46071808,
  "duration": 11.041826009750366,
  "throughput_mbps": 33.37984710812634,
  "chunk_size": 65536,
  "server": "10.0.0.24:4433",
  "protocol": "QUIC"
}