{
  "bytes_sent": 66781184,
  "duration": 16.560994148254395,
  "throughput_mbps": 32.259504907579014,
  "chunk_size": 65536,
  "server": "10.0.0.26:4433",
  "protocol": "QUIC"
}