{
  "bytes_sent": 65536000,
  "duration": 16.9824960231781,
  "throughput_mbps": 30.872258075870572,
  "chunk_size": 65536,
  "server": "10.0.0.38:4433",
  "protocol": "QUIC"
}