{
  "bytes_sent": 41484288,
  "duration": 10.812569379806519,
  "throughput_mbps": 30.693380300505282,
  "chunk_size": 65536,
  "server": "10.0.0.34:4433",
  "protocol": "QUIC"
}